frame_indices,x_coords,y_coords,contrasts,masses_kDa,fit_errors,frame_signal_scores,neareast_neighbour_distances,selections
8.000000000000000000e+00,1.029483276022660050e+02,1.761687003779255534e+01,-1.276756439953053227e-02,4.951184181863383742e+02,3.787583134264893570e-02,0.000000000000000000e+00,1.797693134862315708e+308,1.000000000000000000e+00
1.800000000000000000e+01,5.606199254267139764e+01,1.342206890440614941e+01,-1.904792614399888808e-03,6.875083865916751336e+01,3.253138493481464444e-01,0.000000000000000000e+00,1.889886069173111949e+01,1.000000000000000000e+00
2.100000000000000000e+01,1.032322910209387885e+02,2.521653068996517177e+01,-1.253610883790976134e-02,4.860337067030837943e+02,4.388086429069337768e-02,0.000000000000000000e+00,4.862248849390420702e+01,1.000000000000000000e+00
2.300000000000000000e+01,4.285872523374431609e+01,2.694392779342274125e+01,-4.359589624172088666e-03,1.651024770798325392e+02,1.329422341240734662e-01,0.000000000000000000e+00,1.889886069173111949e+01,1.000000000000000000e+00
3.200000000000000000e+01,3.802678456314446720e+01,5.922707959502942821e+00,-2.266516638288579299e-02,8.836027465179912497e+02,3.172556400116710584e-02,0.000000000000000000e+00,1.797693134862315708e+308,1.000000000000000000e+00
5.300000000000000000e+01,2.964979587556141993e+01,2.212750486244531345e+01,-1.237114628245426784e-02,4.795588688924937060e+02,4.879150313214375423e-02,0.000000000000000000e+00,1.797693134862315708e+308,1.000000000000000000e+00
7.000000000000000000e+01,2.714141713813947021e+01,2.741565023120836031e+01,-3.763886958463608969e-03,1.417209397779372466e+02,2.510757804676091443e-01,0.000000000000000000e+00,1.109115205157877959e+01,1.000000000000000000e+00
7.500000000000000000e+01,1.971060310475225563e+01,1.918177771382895713e+01,-2.035799376800781577e-03,7.389289975475445260e+01,3.358466038134607645e-01,0.000000000000000000e+00,1.109115205157877959e+01,1.000000000000000000e+00
7.800000000000000000e+01,1.069465632060749130e+02,2.134209296882795925e+01,-3.507709407251097342e-03,1.316658815846694210e+02,1.453210155315926011e-01,0.000000000000000000e+00,3.630117138468933291e+01,1.000000000000000000e+00
7.900000000000000000e+01,7.066802026230359957e+01,2.006054477327377583e+01,1.275822628656855980e-03,-4.406354744832018611e+01,4.633115269998482333e-01,0.000000000000000000e+00,3.630117138468933291e+01,1.000000000000000000e+00
1.420000000000000000e+02,1.045170206979470322e+02,2.116613717795067728e+01,-8.490998216936556861e-03,3.272617046303868733e+02,5.563039684865844769e-02,0.000000000000000000e+00,1.797693134862315708e+308,1.000000000000000000e+00
2.080000000000000000e+02,9.019093305260798843e+01,2.694566643919161919e+01,-4.906233589766519076e-02,1.919700852508860635e+03,3.737258913497254476e-02,0.000000000000000000e+00,1.797693134862315708e+308,1.000000000000000000e+00
2.260000000000000000e+02,4.719083970300570030e+01,1.667906383469784615e+01,-4.022023695006045341e-03,1.518528966784124350e+02,1.497373285609547855e-01,0.000000000000000000e+00,4.232262909312718335e+01,1.000000000000000000e+00
2.260000000000000000e+02,5.496299612718732241e+00,2.394337798084185565e+01,-4.034395103471441132e-03,1.523384787735783163e+02,1.420320258982390449e-01,0.000000000000000000e+00,4.232262909312718335e+01,1.000000000000000000e+00
2.270000000000000000e+02,8.902587164460035751e+01,2.631889346411619712e+01,-2.360342821318361928e-03,8.663134309384622611e+01,3.552380502854706190e-01,0.000000000000000000e+00,4.293129642624896292e+01,1.000000000000000000e+00
2.510000000000000000e+02,6.341473332028418497e+01,1.645070193524268376e+01,1.401676310862166007e-03,-4.900334834977255838e+01,4.594006097871108363e-01,0.000000000000000000e+00,1.797693134862315708e+308,1.000000000000000000e+00
2.970000000000000000e+02,1.163434619495944560e+02,8.316772553579392380e+00,-2.699748524593691829e-02,1.053647772218289447e+03,2.699406045490393424e-02,0.000000000000000000e+00,1.797693134862315708e+308,1.000000000000000000e+00
3.440000000000000000e+02,2.707979116593815760e+01,2.454219158219716945e+01,-1.985154216006158098e-03,7.190505953773674719e+01,3.654314000091722914e-01,0.000000000000000000e+00,1.797693134862315708e+308,1.000000000000000000e+00
3.530000000000000000e+02,4.102942498861324339e+01,1.334671519417002905e+01,-3.602151435363631481e-03,1.353727641123035710e+02,1.583389891933801863e-01,0.000000000000000000e+00,1.385407779613700363e+01,1.000000000000000000e+00
3.580000000000000000e+02,5.387438950529919168e+01,1.853731806344207911e+01,-1.819345466034346520e-03,6.539700829738225707e+01,3.562116086510154211e-01,0.000000000000000000e+00,1.385407779613700363e+01,1.000000000000000000e+00
3.670000000000000000e+02,1.586182457462954254e+01,2.214738775994321074e+01,-4.173894956357874012e-03,1.578138966315692926e+02,1.440258699683479859e-01,0.000000000000000000e+00,1.797693134862315708e+308,1.000000000000000000e+00
3.860000000000000000e+02,1.040873546170169703e+02,1.915295721443892774e+01,-1.788443584992030965e-03,6.418409869351081909e+01,4.639043132052358409e-01,0.000000000000000000e+00,1.797693134862315708e+308,1.000000000000000000e+00
4.070000000000000000e+02,7.435918008414304836e+01,2.278160825236785669e+01,-1.465820210506314477e-03,5.152101877254121831e+01,4.577962081076887291e-01,0.000000000000000000e+00,1.797693134862315708e+308,1.000000000000000000e+00
4.330000000000000000e+02,6.761111157330519461e+01,2.276951115592821395e+01,1.450112440144003638e-03,-5.090448330980466807e+01,4.411909404032579030e-01,0.000000000000000000e+00,4.694969005372978899e+01,1.000000000000000000e+00
4.370000000000000000e+02,1.144921432255276130e+02,2.023134895374065678e+01,1.540811131191372006e-03,-5.446443855263535738e+01,4.475414929097183414e-01,0.000000000000000000e+00,4.694969005372978899e+01,1.000000000000000000e+00
4.490000000000000000e+02,1.076884837436322044e+02,2.679929999467780988e+01,-2.678180566443955166e-03,9.910658539407312162e+01,2.347231098845439234e-01,0.000000000000000000e+00,1.797693134862315708e+308,1.000000000000000000e+00
4.620000000000000000e+02,7.518883815473742516e+01,2.234815647165820351e+01,-3.084389845673877594e-03,1.150504412158269645e+02,2.168330332322474518e-01,0.000000000000000000e+00,3.394017838571698320e+01,1.000000000000000000e+00
4.650000000000000000e+02,1.052063768640358745e+02,6.508867387546517058e+00,-3.558736901321266164e-03,1.336687285160406304e+02,1.516424395135635983e-01,0.000000000000000000e+00,3.394017838571698320e+01,1.000000000000000000e+00
4.680000000000000000e+02,3.676364050901211300e+01,1.157252981283350124e+01,-1.246514412385913047e-02,4.832483169370001406e+02,3.707989846942161272e-02,0.000000000000000000e+00,1.993844494614476304e+01,1.000000000000000000e+00
4.720000000000000000e+02,5.660491442583798971e+01,1.353860108008978536e+01,-1.287243289113841442e-02,4.992345430410206859e+02,4.123336420680012715e-02,0.000000000000000000e+00,1.993844494614476304e+01,1.000000000000000000e+00
4.950000000000000000e+02,1.069364142454974882e+02,1.666821385472736949e+01,-1.323653588102614506e-02,5.135257123270714601e+02,4.149719853540434489e-02,0.000000000000000000e+00,1.797693134862315708e+308,1.000000000000000000e+00
5.120000000000000000e+02,1.803647770218296742e+01,2.580945656134549537e+01,-4.089180789308496586e-03,1.544888360419741957e+02,1.516764263616098285e-01,0.000000000000000000e+00,1.797693134862315708e+308,1.000000000000000000e+00
5.460000000000000000e+02,2.628116805586637739e+01,1.422006008319073267e+01,-4.134225485033465701e-03,1.562568560525834869e+02,1.255910211810387089e-01,0.000000000000000000e+00,1.797693134862315708e+308,1.000000000000000000e+00
5.760000000000000000e+02,1.196315696803278001e+02,9.532312658853321352e+00,-2.051569358252385705e-03,7.451187702443368721e+01,4.015317943071354811e-01,0.000000000000000000e+00,1.797693134862315708e+308,1.000000000000000000e+00
5.820000000000000000e+02,7.306159611762686268e+01,2.239553684418462609e+01,-2.301987937634918189e-03,8.434089356569199936e+01,2.812739566162817395e-01,0.000000000000000000e+00,1.797693134862315708e+308,1.000000000000000000e+00
5.930000000000000000e+02,4.288442642805506466e+01,2.398835178792858969e+01,1.464465101593524039e-03,-5.146783027529846066e+01,4.411951807584081342e-01,0.000000000000000000e+00,3.644322256307465580e+01,1.000000000000000000e+00
5.950000000000000000e+02,7.624264356696340883e+01,9.313958441175362424e+00,-1.189212064861386656e-02,4.607569457671663713e+02,3.817349812936265963e-02,0.000000000000000000e+00,1.313137480738988216e+01,1.000000000000000000e+00
5.990000000000000000e+02,8.789620942686536864e+01,1.536601652756888114e+01,-1.980386074019396293e-03,7.171790830249489090e+01,3.607367146980319239e-01,0.000000000000000000e+00,1.313137480738988216e+01,1.000000000000000000e+00
6.120000000000000000e+02,2.572659433526244754e+01,1.137128056734596981e+01,-1.762892396201405729e-03,6.318120562586734934e+01,4.036495103031242371e-01,0.000000000000000000e+00,1.797693134862315708e+308,1.000000000000000000e+00
6.190000000000000000e+02,8.137142464777284090e+01,1.091747766609299219e+01,-2.074806297372237297e-03,7.542393498570956467e+01,3.206848597680471702e-01,0.000000000000000000e+00,6.293946319887166396e+01,1.000000000000000000e+00
6.240000000000000000e+02,1.847484934628647224e+01,1.324058831919925794e+01,-1.171078660385898793e-02,4.536395212941749833e+02,4.070899015399875864e-02,0.000000000000000000e+00,6.293946319887166396e+01,1.000000000000000000e+00
6.460000000000000000e+02,5.080651076721262882e+01,2.397304975342557398e+01,-2.089432494291293234e-03,7.599801831374209371e+01,3.138874989365638690e-01,0.000000000000000000e+00,1.797693134862315708e+308,1.000000000000000000e+00
6.630000000000000000e+02,2.395865514560441767e+01,1.533727652857315249e+01,-1.865255175288810935e-03,6.719898039058377037e+01,3.479540693135442231e-01,0.000000000000000000e+00,1.797693134862315708e+308,1.000000000000000000e+00
6.720000000000000000e+02,2.293181210049980123e+01,1.777379561975190114e+01,-3.456963918064120348e-03,1.296741034432754986e+02,1.525394366439979388e-01,0.000000000000000000e+00,1.797693134862315708e+308,1.000000000000000000e+00
6.940000000000000000e+02,1.079493307803906674e+02,1.804505662067785110e+01,-3.442428552901556551e-03,1.291035852933509034e+02,1.822391061216814823e-01,0.000000000000000000e+00,3.773622868648519812e+01,1.000000000000000000e+00
6.970000000000000000e+02,3.671657132792335432e+01,2.184857637912454109e+01,-1.966686860193160667e-03,7.118020938401880926e+01,3.218351447139570221e-01,0.000000000000000000e+00,3.443681268756708391e+01,1.000000000000000000e+00
6.970000000000000000e+02,7.095840577964321483e+01,2.550792624755635174e+01,-1.712240956714388774e-03,6.119311896798432571e+01,3.976359926947194978e-01,0.000000000000000000e+00,3.443681268756708391e+01,1.000000000000000000e+00
7.120000000000000000e+02,1.787017993747175026e+01,7.065315846374559783e+00,-1.582056202530336339e-03,5.608332198147545000e+01,4.316123415828369003e-01,0.000000000000000000e+00,5.825684294060202717e+01,1.000000000000000000e+00
7.150000000000000000e+02,7.413820371199525994e+01,2.215734188384311665e+01,-1.158042978791273651e-02,4.485229708235159478e+02,4.690540656311015244e-02,0.000000000000000000e+00,5.825684294060202717e+01,1.000000000000000000e+00
7.270000000000000000e+02,9.643907589375926293e+00,9.861030590155401399e+00,-3.875645893260136910e-03,1.461075169299083427e+02,1.486121186980414732e-01,0.000000000000000000e+00,3.804721768216746369e+01,1.000000000000000000e+00
7.280000000000000000e+02,4.750756322276084376e+01,1.359390554529057127e+01,-4.127283302261816091e-03,1.559843729586244478e+02,1.420763319221483023e-01,0.000000000000000000e+00,3.296528889484302027e+01,1.000000000000000000e+00
7.310000000000000000e+02,7.774040311521980584e+01,2.673489728706570645e+01,-1.863585682822402854e-03,6.713345222926166400e+01,3.516884328847282859e-01,0.000000000000000000e+00,3.296528889484302027e+01,1.000000000000000000e+00
7.400000000000000000e+02,2.123016784273755775e+01,1.269763311176039977e+01,1.797939017878723593e-03,-6.455679774459497366e+01,3.921164888708817964e-01,0.000000000000000000e+00,6.324153354922309944e+01,1.000000000000000000e+00
7.410000000000000000e+02,8.404412371499968515e+01,2.003919379972159120e+01,-3.774165795918462546e-03,1.421243877314308577e+02,1.701246172538463108e-01,0.000000000000000000e+00,6.324153354922309944e+01,1.000000000000000000e+00
7.670000000000000000e+02,1.112358596004906701e+02,1.523478649152240116e+01,-2.031319877358307713e-03,7.371707784000197705e+01,3.554123345050833604e-01,0.000000000000000000e+00,6.112988914068896662e+01,1.000000000000000000e+00
7.690000000000000000e+02,5.026638100670803055e+01,1.080917621098444670e+01,-2.057344235298361971e-03,7.473854296171595024e+01,3.377908534004431251e-01,0.000000000000000000e+00,2.032409152407131359e+01,1.000000000000000000e+00
7.720000000000000000e+02,3.855482399459611287e+01,2.741965870340107969e+01,-2.243727517650823296e-03,8.205415177066898025e+01,3.202394934009498151e-01,0.000000000000000000e+00,2.032409152407131359e+01,1.000000000000000000e+00
7.840000000000000000e+02,7.284463598290918185e+01,1.621767036641452719e+01,1.238407527243155131e-03,-4.259499167424419852e+01,4.913613529886042830e-01,0.000000000000000000e+00,1.797693134862315708e+308,1.000000000000000000e+00
7.940000000000000000e+02,5.730955743425232640e+01,1.807209501937596130e+01,-1.680723445676397983e-03,5.995604567216275882e+01,4.296642328876909556e-01,0.000000000000000000e+00,1.797693134862315708e+308,1.000000000000000000e+00
8.100000000000000000e+02,5.663829597190132148e+01,8.517557576726183299e+00,-2.848354984549067697e-03,1.057859906306113658e+02,2.282810095534807404e-01,0.000000000000000000e+00,1.797693134862315708e+308,1.000000000000000000e+00
8.190000000000000000e+02,9.347721583702566761e+01,2.197461755255580584e+01,-2.445977300430109396e-03,8.999252625272694672e+01,3.065578608922663317e-01,0.000000000000000000e+00,1.797693134862315708e+308,1.000000000000000000e+00
8.550000000000000000e+02,8.570343067980383012e+01,1.303577131309645587e+01,-3.450863088969535492e-03,1.294346437744525247e+02,1.596377143100884410e-01,0.000000000000000000e+00,1.797693134862315708e+308,1.000000000000000000e+00
8.820000000000000000e+02,7.565080999749316248e+00,8.902419011809046268e+00,-2.529581749298596971e-02,9.868567196824830035e+02,3.126398086304016388e-02,0.000000000000000000e+00,1.797693134862315708e+308,1.000000000000000000e+00
8.940000000000000000e+02,1.072498689217369758e+02,1.702301245033138954e+01,-1.717664547952197328e-03,6.140599681483134731e+01,3.708589927642328421e-01,0.000000000000000000e+00,1.797693134862315708e+308,1.000000000000000000e+00
9.370000000000000000e+02,3.917852179014119685e+01,8.062197027396818427e+00,-2.420054720642937293e-02,9.438669791038954600e+02,2.870111061698710220e-02,0.000000000000000000e+00,1.797693134862315708e+308,1.000000000000000000e+00
9.700000000000000000e+02,2.021503515370953963e+01,2.231995374930156828e+01,-4.054030025243754269e-03,1.531091562982342396e+02,1.297663475695336466e-01,0.000000000000000000e+00,1.797693134862315708e+308,1.000000000000000000e+00
1.006000000000000000e+03,5.175306024915755643e+01,6.116720078692586604e+00,-3.623133242172426813e-03,1.361963073441901599e+02,1.409948605921907960e-01,0.000000000000000000e+00,4.745207266191385287e+01,1.000000000000000000e+00
1.008000000000000000e+03,8.591640307951877276e+00,2.583450465430971832e+01,-2.736741153033849048e-03,1.014051088330173087e+02,2.483737632047919863e-01,0.000000000000000000e+00,4.745207266191385287e+01,1.000000000000000000e+00
1.021000000000000000e+03,1.082781157481973224e+02,2.434531238266087882e+01,-1.229803952851775059e-02,4.766894033141347222e+02,3.792744068326592277e-02,0.000000000000000000e+00,7.852337687242777520e+01,1.000000000000000000e+00
1.023000000000000000e+03,2.975523246032642533e+01,2.462372863349690988e+01,-4.076941172346953274e-03,1.540084268092794275e+02,1.691294416922017874e-01,0.000000000000000000e+00,2.866618542555378468e+01,1.000000000000000000e+00
1.028000000000000000e+03,5.835973334744846852e+01,2.274417659887097543e+01,-2.580979891739543491e-03,9.529142502599313502e+01,2.534353718994294402e-01,0.000000000000000000e+00,2.866618542555378468e+01,1.000000000000000000e+00
1.113000000000000000e+03,1.112073918886504629e+02,2.234458733188010271e+01,-1.264814750239530092e-02,4.904312633428675099e+02,4.334538387082720323e-02,0.000000000000000000e+00,1.797693134862315708e+308,1.000000000000000000e+00
1.130000000000000000e+03,1.008950171898279393e+02,2.183927691537546778e+01,1.459387336670833714e-03,-5.126852623188120361e+01,4.807644501781184188e-01,0.000000000000000000e+00,9.369192792167515904e+01,1.000000000000000000e+00
1.133000000000000000e+03,7.234764740726932430e+00,1.940320038721720408e+01,-1.697881915112965916e-03,6.062952157930411801e+01,3.807073951847570470e-01,0.000000000000000000e+00,9.369192792167515904e+01,1.000000000000000000e+00
1.160000000000000000e+03,2.786048256680713209e+01,1.887288238348116920e+01,-1.494898896582012339e-03,5.266236733837382644e+01,4.270230945491124697e-01,0.000000000000000000e+00,1.797693134862315708e+308,1.000000000000000000e+00
1.171000000000000000e+03,6.054916834260425418e+01,2.160664707744004076e+01,-1.363654569103914770e-02,5.292262368208129146e+02,3.276852721747836039e-02,0.000000000000000000e+00,1.797693134862315708e+308,1.000000000000000000e+00
1.211000000000000000e+03,7.855792508825683740e+01,2.731211727603055195e+01,-3.480515325820103967e-03,1.305985044081490685e+02,1.701142560617047161e-01,0.000000000000000000e+00,1.797693134862315708e+308,1.000000000000000000e+00
1.224000000000000000e+03,2.894687641119930177e+01,8.135752455097250646e+00,-3.959167337961202841e-03,1.493857627515274089e+02,1.597202837898346051e-01,0.000000000000000000e+00,2.360742821766452337e+01,1.000000000000000000e+00
1.227000000000000000e+03,9.322880693701135257e+00,2.125861262854255074e+01,-1.798357395988222675e-03,6.457321923124706586e+01,3.615102485076975292e-01,0.000000000000000000e+00,2.360742821766452337e+01,1.000000000000000000e+00
1.291000000000000000e+03,5.524888813077009075e+01,1.946557006398876766e+01,-2.122630241970822635e-03,7.730104148350525861e+01,3.203180970537660155e-01,0.000000000000000000e+00,2.404680538392165801e+01,1.000000000000000000e+00
1.294000000000000000e+03,3.212427225024420352e+01,1.287004206766174441e+01,-3.576881891871998634e-03,1.343809257208322663e+02,1.754639179694101880e-01,0.000000000000000000e+00,2.404680538392165801e+01,1.000000000000000000e+00
1.308000000000000000e+03,5.396837244528662580e+01,7.821336856045738806e+00,-4.256442070621744601e-03,1.610538996438590402e+02,1.041909998825272243e-01,0.000000000000000000e+00,1.797693134862315708e+308,1.000000000000000000e+00
1.338000000000000000e+03,4.085616259592982402e+01,2.259823617238383875e+01,-3.884340311053439097e-03,1.464487758593284070e+02,1.597632454445045980e-01,0.000000000000000000e+00,1.797693134862315708e+308,1.000000000000000000e+00
1.416000000000000000e+03,5.604305777709173952e+01,1.358774510092808008e+01,-1.960143893976539625e-03,7.092339567901882447e+01,3.141721498386447209e-01,0.000000000000000000e+00,1.797693134862315708e+308,1.000000000000000000e+00
1.463000000000000000e+03,8.902926097261345717e+01,1.586270440829225237e+01,-2.253888260013895296e-03,8.245296445064006718e+01,2.827617809545680538e-01,0.000000000000000000e+00,7.070351304534207770e+01,1.000000000000000000e+00
1.468000000000000000e+03,1.922777137453197938e+01,2.712053754090619861e+01,-1.336356684485519135e-02,5.185117219426773545e+02,3.726854022419845425e-02,0.000000000000000000e+00,7.070351304534207770e+01,1.000000000000000000e+00
1.469000000000000000e+03,1.159793710866673422e+02,1.148227812748702803e+01,-1.858235677645564410e-03,6.692346266096116381e+01,3.558670836418134087e-01,0.000000000000000000e+00,1.491480324568150451e+01,1.000000000000000000e+00
1.474000000000000000e+03,1.010648917917952900e+02,1.158057980714924184e+01,-1.200398835382337007e-02,4.651477921957661579e+02,3.703712821016535983e-02,0.000000000000000000e+00,1.491480324568150451e+01,1.000000000000000000e+00
1.500000000000000000e+03,3.953483741914570970e+01,1.173529438380311163e+01,-3.620688029677114009e-03,1.361003319013033490e+02,1.489213442240893137e-01,0.000000000000000000e+00,1.797693134862315708e+308,1.000000000000000000e+00
1.524000000000000000e+03,5.197704189286197618e+01,5.645606199660865521e+00,-2.291196183450365260e-03,8.391731345174552814e+01,2.416610458165983077e-01,0.000000000000000000e+00,1.797693134862315708e+308,1.000000000000000000e+00
1.539000000000000000e+03,5.185308276158750118e+01,1.139289396367345830e+01,-2.064642020554699215e-03,7.502498357716851274e+01,3.049940892629333655e-01,0.000000000000000000e+00,1.797693134862315708e+308,1.000000000000000000e+00
1.631000000000000000e+03,9.108844179077676984e+01,2.514924723658139882e+01,-1.472563620541422584e-03,5.178569996729520852e+01,4.144539306884141849e-01,0.000000000000000000e+00,1.797693134862315708e+308,1.000000000000000000e+00
1.644000000000000000e+03,1.195940175749331331e+02,2.248170408761944117e+01,1.351362999063055858e-03,-4.702853332151737220e+01,4.769017063582482452e-01,0.000000000000000000e+00,1.712968903272255616e+01,1.000000000000000000e+00
1.648000000000000000e+03,1.030126835542052959e+02,1.818221476319625296e+01,-3.548866711104487273e-03,1.332813201091033477e+02,1.997848287477755891e-01,0.000000000000000000e+00,1.712968903272255616e+01,1.000000000000000000e+00
1.651000000000000000e+03,5.494284511312206831e+01,2.329172656468796632e+01,-1.702165791331342526e-03,6.079766521431294990e+01,3.864294164495132300e-01,0.000000000000000000e+00,1.797693134862315708e+308,1.000000000000000000e+00
1.661000000000000000e+03,7.061564960117321732e+01,1.403248605989007203e+01,-3.858539743491731094e-03,1.454360945879819553e+02,1.362237242960623318e-01,0.000000000000000000e+00,3.556409910616412162e+01,1.000000000000000000e+00
1.660000000000000000e+03,1.039422611812168640e+02,2.644788399253663869e+01,-2.228162516268355868e-03,8.144322004016315475e+01,3.351920361406300897e-01,0.000000000000000000e+00,3.556409910616412162e+01,1.000000000000000000e+00
1.663000000000000000e+03,1.135079109164905731e+01,2.529513205249439878e+01,-1.215012064534931428e-02,4.708835355825472675e+02,4.217056429217447278e-02,0.000000000000000000e+00,6.032553894420376395e+01,1.000000000000000000e+00
1.672000000000000000e+03,1.196895823663708285e+02,1.847922622202030141e+01,-2.304850339934248066e-03,8.445324385382645005e+01,3.105236739179654260e-01,0.000000000000000000e+00,5.200278200505325543e+01,1.000000000000000000e+00
1.673000000000000000e+03,6.775119400292024352e+01,1.589211384091434986e+01,-1.563912307462547811e-03,5.537116777477129403e+01,4.288375847057067647e-01,0.000000000000000000e+00,5.200278200505325543e+01,1.000000000000000000e+00
1.678000000000000000e+03,1.074622847812178783e+01,1.408169145584513338e+01,-1.775943642309308268e-03,6.369347158550546339e+01,3.761811071730810641e-01,0.000000000000000000e+00,1.680202123810951775e+01,1.000000000000000000e+00
1.679000000000000000e+03,2.702459106871451056e+01,1.824376174058020439e+01,-1.535489293467643974e-03,5.425555456668912768e+01,4.142329705419007801e-01,0.000000000000000000e+00,1.680202123810951775e+01,1.000000000000000000e+00
1.690000000000000000e+03,1.614987613042658054e+01,1.996548172425264767e+01,-2.490290537049417996e-03,9.173183623843904400e+01,2.726894258433715246e-01,0.000000000000000000e+00,1.797693134862315708e+308,1.000000000000000000e+00
1.697000000000000000e+03,9.173364824406299078e+01,2.492702101752717425e+01,-1.264753936875077055e-02,4.904073938853131835e+02,3.680706659908350442e-02,0.000000000000000000e+00,1.797693134862315708e+308,1.000000000000000000e+00
1.718000000000000000e+03,1.008896275134058271e+02,2.478054874862267809e+01,-2.167211926589898609e-03,7.905088814679410802e+01,3.316658654654256466e-01,0.000000000000000000e+00,5.060515942430362202e+01,1.000000000000000000e+00
1.722000000000000000e+03,5.149575775837659108e+01,1.377474160046705443e+01,-1.182258214009842580e-02,4.580275350655402349e+02,5.666620287107815290e-02,0.000000000000000000e+00,5.060515942430362202e+01,1.000000000000000000e+00
1.729000000000000000e+03,4.090679138173700125e+01,1.551735856777260913e+01,-2.127314144404945408e-03,7.748488628693857549e+01,3.476232132192714763e-01,0.000000000000000000e+00,1.797693134862315708e+308,1.000000000000000000e+00
1.745000000000000000e+03,8.074405220990968246e+00,9.056480998703730023e+00,-2.758709468529133707e-03,1.022673728747635380e+02,1.533834281934914889e-01,0.000000000000000000e+00,1.797693134862315708e+308,1.000000000000000000e+00
1.753000000000000000e+03,9.529761785842886468e+01,2.284709986882491961e+01,-1.129239836333741434e-02,4.372176369959153135e+02,4.936089302635682241e-02,0.000000000000000000e+00,1.797693134862315708e+308,1.000000000000000000e+00
1.770000000000000000e+03,5.224817957162958493e+01,1.582176814358200900e+01,-2.318118513501805835e-03,8.497402429188092299e+01,2.667573796251276885e-01,0.000000000000000000e+00,1.797693134862315708e+308,1.000000000000000000e+00
1.784000000000000000e+03,8.238917543485285933e+01,2.091568451935665607e+01,-3.778701119980939008e-03,1.423024007819799124e+02,1.616434500125640827e-01,0.000000000000000000e+00,3.397077053193668661e+01,1.000000000000000000e+00
1.787000000000000000e+03,4.958396519468113439e+01,1.209347211930470856e+01,-3.764555400452652533e-03,1.417471763590382920e+02,1.519731913820372426e-01,0.000000000000000000e+00,3.397077053193668661e+01,1.000000000000000000e+00
1.819000000000000000e+03,9.883723180700755506e+01,1.026512677756799086e+01,-3.455503904049074277e-03,1.296167973841973833e+02,1.331060380014574829e-01,0.000000000000000000e+00,1.797693134862315708e+308,1.000000000000000000e+00
1.832000000000000000e+03,1.007459071238409649e+02,2.463014501140853341e+01,-3.830299651172133259e-03,1.443276611194253860e+02,1.645110026027184480e-01,0.000000000000000000e+00,1.797693134862315708e+308,1.000000000000000000e+00
1.840000000000000000e+03,7.120406267305730807e+01,1.327527025901536284e+01,-1.994512762066053425e-03,7.227238573314784276e+01,3.156374985222770713e-01,0.000000000000000000e+00,1.797693134862315708e+308,1.000000000000000000e+00
1.847000000000000000e+03,4.572046636767147731e+01,1.255716020383343867e+01,-2.372994619473474918e-03,8.712793058208248453e+01,2.849175825599828960e-01,0.000000000000000000e+00,1.797693134862315708e+308,1.000000000000000000e+00
1.857000000000000000e+03,9.798161510567302557e+00,1.246779510740876340e+01,-2.112964447424620518e-03,7.692165567789416514e+01,3.272025687373573133e-01,0.000000000000000000e+00,1.797693134862315708e+308,1.000000000000000000e+00
1.868000000000000000e+03,4.767430934822669286e+01,7.350856622066303636e+00,-1.119123373323890891e-02,4.332468899967098537e+02,5.393395131502953799e-02,0.000000000000000000e+00,2.456704120271031755e+01,1.000000000000000000e+00
1.868000000000000000e+03,7.215792314666643392e+01,9.373767599968550357e+00,-3.583912688699895585e-03,1.346568869473914845e+02,2.389307831242815094e-01,0.000000000000000000e+00,2.456704120271031755e+01,1.000000000000000000e+00
1.905000000000000000e+03,1.187943954046721871e+02,6.541947981382823407e+00,-1.686012182376499507e-03,6.016363043139202915e+01,3.998779295835119818e-01,0.000000000000000000e+00,1.797693134862315708e+308,1.000000000000000000e+00
1.911000000000000000e+03,9.035806692930821171e+00,9.881943127005220262e+00,-3.559812726078749080e-03,1.337109550128240301e+02,1.626014521361006659e-01,0.000000000000000000e+00,1.797693134862315708e+308,1.000000000000000000e+00
1.933000000000000000e+03,3.906953618190184585e+01,2.142637330523629302e+01,-3.900016671174145848e-03,1.470640784591318209e+02,1.381799632099431907e-01,0.000000000000000000e+00,1.797693134862315708e+308,1.000000000000000000e+00
1.969000000000000000e+03,3.759015648167680723e+01,1.884839622347146104e+01,-1.808514965622945534e-03,6.497190738052437098e+01,3.606879810403084141e-01,0.000000000000000000e+00,4.054363587585250173e+01,1.000000000000000000e+00
1.971000000000000000e+03,1.180613250723179561e+02,1.750487004079710474e+01,-2.565642124178476886e-03,9.468941230219515148e+01,2.803195428300149228e-01,0.000000000000000000e+00,4.005702421962546822e+01,1.000000000000000000e+00
1.973000000000000000e+03,7.803293830813848331e+01,1.599045847556035049e+01,-1.198118577950878574e-02,4.642527832045245191e+02,4.025418311102912927e-02,0.000000000000000000e+00,4.005702421962546822e+01,1.000000000000000000e+00
1.990000000000000000e+03,1.617566404263138580e+01,8.913189860575954526e+00,1.381608223827841342e-03,-4.821566893757337624e+01,4.901598078912094980e-01,0.000000000000000000e+00,1.797693134862315708e+308,1.000000000000000000e+00
2.007000000000000000e+03,1.744808276265783675e+01,2.619116344890649017e+01,1.184696995595615338e-03,-4.048683458260521917e+01,4.882717242394962742e-01,0.000000000000000000e+00,1.797693134862315708e+308,1.000000000000000000e+00
2.018000000000000000e+03,4.598406098249746066e+01,7.543466074371046659e+00,-1.996993924006499645e-03,7.236977220428876478e+01,3.468983236215568144e-01,0.000000000000000000e+00,1.447331219003932823e+01,1.000000000000000000e+00
2.019000000000000000e+03,6.854636811841817234e+01,2.397949548573133782e+01,-3.610415527494969645e-03,1.356971326094721633e+02,1.617360840929322752e-01,0.000000000000000000e+00,2.168366800114795367e+01,1.000000000000000000e+00
2.021000000000000000e+03,2.943574157495391574e+01,2.647181783765839569e+01,-1.386383064655194626e-02,5.381472505603800300e+02,2.869279232838317650e-02,0.000000000000000000e+00,1.808459536848655702e+01,1.000000000000000000e+00
2.021000000000000000e+03,4.695469771194872521e+01,2.198419424471554606e+01,-2.508524024814308851e-03,9.244750698973811609e+01,3.183040521709324944e-01,0.000000000000000000e+00,1.447331219003932823e+01,1.000000000000000000e+00
2.074000000000000000e+03,5.526898247663750396e+01,1.290950803269691960e+01,-2.520829713092801946e-02,9.834215149605105353e+02,2.998631798151552008e-02,0.000000000000000000e+00,2.704254254028476723e+01,1.000000000000000000e+00
2.077000000000000000e+03,7.817189859500396665e+01,2.728850453169436818e+01,-1.969093580454694611e-03,7.127467399331069942e+01,3.751755637859039982e-01,0.000000000000000000e+00,2.704254254028476723e+01,1.000000000000000000e+00
2.093000000000000000e+03,3.042139586759135739e+01,7.668556461169169225e+00,-3.473591632196948702e-03,1.303267470197140767e+02,2.065335642710702801e-01,0.000000000000000000e+00,1.797693134862315708e+308,1.000000000000000000e+00
2.112000000000000000e+03,1.075834767132079008e+02,1.467236638673747962e+01,-1.729598768642248968e-03,6.187441913740333632e+01,4.245489016744884436e-01,0.000000000000000000e+00,1.797693134862315708e+308,1.000000000000000000e+00
2.134000000000000000e+03,7.448736579670629965e+00,2.562387317042730572e+01,-1.399756586250943671e-03,4.892799848953099939e+01,4.995135194762754249e-01,0.000000000000000000e+00,1.797693134862315708e+308,1.000000000000000000e+00
2.176000000000000000e+03,1.126755146418054920e+02,1.947801113072782897e+01,-1.881715467947578640e-03,6.784505261579927549e+01,3.332225884438291263e-01,0.000000000000000000e+00,1.797693134862315708e+308,1.000000000000000000e+00
2.199000000000000000e+03,9.177926589957007764e+01,1.754285457370024659e+01,-3.040172027196871764e-03,1.133148764254647602e+02,3.135209150465647632e-01,0.000000000000000000e+00,1.797693134862315708e+308,1.000000000000000000e+00
2.201000000000000000e+03,5.795418056389152639e+00,7.997445463969619084e+00,-3.400623712440869941e-03,1.274627307313374729e+02,1.518573963892256851e-01,0.000000000000000000e+00,8.153494298010335228e+01,1.000000000000000000e+00
2.201000000000000000e+03,8.665489545875684030e+01,1.847083273765977296e+01,-2.090367223427783312e-03,7.603470675821299096e+01,4.837546034583010135e-01,0.000000000000000000e+00,8.153494298010335228e+01,1.000000000000000000e+00
2.207000000000000000e+03,1.003573504736946660e+02,1.758318680390375732e+01,1.595600130721808998e-03,-5.661492588465167586e+01,4.639853749201258148e-01,0.000000000000000000e+00,1.797693134862315708e+308,1.000000000000000000e+00
2.226000000000000000e+03,1.495656321342893769e+01,2.092222969379300324e+01,-1.904594169071093185e-03,6.874304961083061016e+01,3.397403201815530904e-01,0.000000000000000000e+00,1.797693134862315708e+308,1.000000000000000000e+00
2.235000000000000000e+03,4.111674510120557358e+01,9.324896202114299371e+00,-1.789323605268625800e-03,6.421863979615832818e+01,4.123762473113028459e-01,0.000000000000000000e+00,1.797693134862315708e+308,1.000000000000000000e+00
2.262000000000000000e+03,6.328614154424363392e+01,2.530336931544803036e+01,-3.276769315981199662e-03,1.226014024923889991e+02,1.804553113962229505e-01,0.000000000000000000e+00,1.797693134862315708e+308,1.000000000000000000e+00
2.271000000000000000e+03,8.847992249595911574e+01,2.078721530972967102e+01,-1.301980461248188753e-02,5.050189344802276992e+02,3.984469332320350610e-02,0.000000000000000000e+00,1.825811240298491711e+01,1.000000000000000000e+00
2.274000000000000000e+03,1.061900275056907788e+02,1.634752511059311431e+01,-3.528766946734607831e-03,1.324923973504403421e+02,1.798344790362391699e-01,0.000000000000000000e+00,1.825811240298491711e+01,1.000000000000000000e+00
2.284000000000000000e+03,4.666886552123157372e+01,6.283056686363273080e+00,-1.766344955146302315e-03,6.331671976807969315e+01,3.472614872759567373e-01,0.000000000000000000e+00,1.797693134862315708e+308,1.000000000000000000e+00
2.327000000000000000e+03,4.796867186017133378e+01,1.611782214839346139e+01,-2.007800405217435684e-03,7.279393035915487076e+01,3.342089819159973496e-01,0.000000000000000000e+00,1.797693134862315708e+308,1.000000000000000000e+00
2.350000000000000000e+03,8.701993199547982272e+01,1.050638186690661691e+01,-1.955292082010813472e-03,7.073296036793374242e+01,3.620676809989228362e-01,0.000000000000000000e+00,1.797693134862315708e+308,1.000000000000000000e+00
2.356000000000000000e+03,1.214796819631473426e+02,1.739834974952111679e+01,-4.461156794093833200e-03,1.690890239074328747e+02,1.071095175828059576e-01,0.000000000000000000e+00,2.188296087077197072e+01,1.000000000000000000e+00
2.357000000000000000e+03,1.003899407370460466e+02,2.323673920962230355e+01,-2.399132234315659324e-03,8.815384107668850788e+01,2.929565633072669373e-01,0.000000000000000000e+00,2.188296087077197072e+01,1.000000000000000000e+00
2.376000000000000000e+03,8.575721801532193922e+01,1.578819460192235624e+01,-3.027081133126345927e-03,1.128010542694716776e+02,2.134083742065446820e-01,0.000000000000000000e+00,1.797693134862315708e+308,1.000000000000000000e+00
2.393000000000000000e+03,9.961150896550456935e+01,1.706297014022306158e+01,-4.123015996144593735e-03,1.558168797058625614e+02,1.399958019724359959e-01,0.000000000000000000e+00,5.235487603769879428e+01,1.000000000000000000e+00
2.391000000000000000e+03,4.746169527742472383e+01,2.169222247957201688e+01,-1.851398518043540983e-03,6.665510176302294099e+01,3.310861109693041815e-01,0.000000000000000000e+00,5.235487603769879428e+01,1.000000000000000000e+00
2.406000000000000000e+03,5.211876429520474829e+01,9.412689467740893434e+00,-1.351732850496926595e-03,4.704305011923376867e+01,4.818328076499569512e-01,0.000000000000000000e+00,1.797693134862315708e+308,1.000000000000000000e+00
2.421000000000000000e+03,3.803103211949935059e+01,1.192876093037785168e+01,-3.386341415488321443e-03,1.269021455968801746e+02,2.145152822718888741e-01,0.000000000000000000e+00,1.797693134862315708e+308,1.000000000000000000e+00
2.433000000000000000e+03,9.786470381919230022e+01,1.702567296589703005e+01,-1.225658478446735658e-02,4.750622901582752888e+02,3.975959716507415642e-02,0.000000000000000000e+00,1.797693134862315708e+308,1.000000000000000000e+00
2.456000000000000000e+03,5.873294818146941054e+01,1.530059265438725724e+01,-2.738872909971328679e-02,1.069004229873770328e+03,2.659882514811762189e-02,0.000000000000000000e+00,1.797693134862315708e+308,1.000000000000000000e+00
2.479000000000000000e+03,8.364383946650438872e+01,2.273345875390584681e+01,-1.960480310102969467e-03,7.093660012926200409e+01,3.432125656058976348e-01,0.000000000000000000e+00,1.797693134862315708e+308,1.000000000000000000e+00
2.499000000000000000e+03,2.971106245595428419e+01,1.718911755917304163e+01,-1.671076693838105748e-03,5.957740729947578018e+01,4.024231319409580232e-01,0.000000000000000000e+00,1.797693134862315708e+308,1.000000000000000000e+00
2.515000000000000000e+03,8.870187296013369860e+01,1.767253118329076145e+01,-2.099848563115189106e-03,7.640685264631198947e+01,3.251241352189385703e-01,0.000000000000000000e+00,1.797693134862315708e+308,1.000000000000000000e+00
2.549000000000000000e+03,8.194887072107181325e+01,1.260094631036911217e+01,-2.164314480731902718e-03,7.893716238676518060e+01,2.993317342375549917e-01,0.000000000000000000e+00,1.797693134862315708e+308,1.000000000000000000e+00
2.569000000000000000e+03,8.544914520455057527e+01,1.323874366149381920e+01,-1.221255109650925402e-02,4.733339525549712903e+02,4.007876933446319345e-02,0.000000000000000000e+00,1.797693134862315708e+308,1.000000000000000000e+00
2.677000000000000000e+03,7.309135885444044334e+01,1.310334863474927936e+01,-1.835410236053334424e-03,6.602755612109999106e+01,3.712689391673071881e-01,0.000000000000000000e+00,1.797693134862315708e+308,1.000000000000000000e+00
2.684000000000000000e+03,9.731811496300190356e+01,2.387506578615025887e+01,-3.934005701173759646e-03,1.483981597358137776e+02,1.916560448489227353e-01,0.000000000000000000e+00,1.797693134862315708e+308,1.000000000000000000e+00
2.691000000000000000e+03,1.142666747579703213e+01,8.278987806666815885e+00,-1.277668255494337698e-02,4.954763089650481902e+02,3.920786804416620530e-02,0.000000000000000000e+00,1.977464717394081006e+01,1.000000000000000000e+00
2.690000000000000000e+03,2.746075784417371324e+01,1.985243227720260606e+01,-4.030111716375591076e-03,1.521703543367991642e+02,1.484027472235526224e-01,0.000000000000000000e+00,1.977464717394081006e+01,1.000000000000000000e+00
2.696000000000000000e+03,3.545613557666945326e+01,1.688806634333398193e+01,-1.604331295063194003e-03,5.695762712889451507e+01,3.986673974366892192e-01,0.000000000000000000e+00,2.552511646322790995e+01,1.000000000000000000e+00
2.704000000000000000e+03,7.323395263601599936e+01,1.827552905589618604e+01,-1.910997754417840047e-03,6.899439256809732512e+01,3.628547136808023543e-01,0.000000000000000000e+00,1.797693134862315708e+308,1.000000000000000000e+00
2.711000000000000000e+03,1.061251670900986568e+02,7.307137817562718851e+00,1.661669885398494922e-03,-5.920818678883569675e+01,4.217533556809310857e-01,0.000000000000000000e+00,1.797693134862315708e+308,1.000000000000000000e+00
2.721000000000000000e+03,7.458105371509269332e+01,1.608053598095565562e+01,-1.226392791646300010e-02,4.753505106490542858e+02,4.313721722757957178e-02,0.000000000000000000e+00,1.797693134862315708e+308,1.000000000000000000e+00
2.729000000000000000e+03,9.910153160874979505e+01,1.937093222009425020e+01,-1.309341257359390720e-02,5.079080726149551310e+02,3.881828917000795798e-02,0.000000000000000000e+00,1.797693134862315708e+308,1.000000000000000000e+00
2.779000000000000000e+03,1.199404856874720871e+01,2.708596480690404107e+01,-1.980819610534030432e-03,7.173492476183304234e+01,3.621470770666134209e-01,0.000000000000000000e+00,1.797693134862315708e+308,1.000000000000000000e+00
2.796000000000000000e+03,8.903608650162860272e+01,2.575833214738399590e+01,-3.896193817804639165e-03,1.469140301316621162e+02,1.699056635209934552e-01,0.000000000000000000e+00,1.940906197374216546e+01,1.000000000000000000e+00
2.799000000000000000e+03,1.076898689812126264e+02,2.039660799325892171e+01,-3.997793533871301687e-03,1.509018544067966729e+02,1.287607187657652252e-01,0.000000000000000000e+00,1.940906197374216546e+01,1.000000000000000000e+00
2.798000000000000000e+03,1.849641980102571637e+01,2.061632825567190963e+01,-2.128499952851639881e-03,7.753142968186583062e+01,3.080525044294792902e-01,0.000000000000000000e+00,7.072683212370340300e+01,1.000000000000000000e+00
2.848000000000000000e+03,1.067595766021253496e+02,9.813277356262783968e+00,-1.588649787088567853e-03,5.634212247403013407e+01,4.671466165781708035e-01,0.000000000000000000e+00,1.635935513558869658e+01,1.000000000000000000e+00
2.848000000000000000e+03,9.119316639447465889e+01,1.484471588808055742e+01,-2.117620800939883606e-03,7.710441917665818323e+01,3.357476707518644021e-01,0.000000000000000000e+00,1.635935513558869658e+01,1.000000000000000000e+00
2.857000000000000000e+03,4.065519951745525162e+01,2.323321652109012447e+01,-1.687845651585619978e-03,6.023559473703088685e+01,3.950633704296994120e-01,0.000000000000000000e+00,1.797693134862315708e+308,1.000000000000000000e+00
2.880000000000000000e+03,6.113457995478481166e+01,8.012878002235567010e+00,-4.005252663037451276e-03,1.511946278269568325e+02,1.642731729137464347e-01,0.000000000000000000e+00,1.797693134862315708e+308,1.000000000000000000e+00
2.886000000000000000e+03,1.210028499917991667e+02,1.980945172473024130e+01,-2.697236179861559752e-02,1.052661668152434459e+03,2.352113723857529592e-02,0.000000000000000000e+00,1.797693134862315708e+308,1.000000000000000000e+00
2.894000000000000000e+03,9.711987142299888376e+01,2.373381781900393861e+01,-2.093676044508907888e-03,7.616457913916264033e+01,3.429238146346952343e-01,0.000000000000000000e+00,1.797693134862315708e+308,1.000000000000000000e+00
2.917000000000000000e+03,6.632599199701193982e+01,5.711868512646717910e+00,-2.411167886635248812e-03,8.862624462608077636e+01,2.982893420139371976e-01,0.000000000000000000e+00,1.797693134862315708e+308,1.000000000000000000e+00
2.929000000000000000e+03,6.433915255421919710e+01,1.133196863653287600e+01,-2.098362578477691847e-03,7.634852723124880924e+01,3.382050253965482867e-01,0.000000000000000000e+00,1.797693134862315708e+308,1.000000000000000000e+00
2.938000000000000000e+03,7.615598815620084849e+01,1.031608287801091350e+01,-3.495900258269145789e-03,1.312023683702426240e+02,1.664380376502919701e-01,0.000000000000000000e+00,5.618466236814498416e+01,1.000000000000000000e+00
2.942000000000000000e+03,2.006373502774078332e+01,7.094992318090312722e+00,-1.129163573954475135e-02,4.371877037461887312e+02,4.160591133264135433e-02,0.000000000000000000e+00,5.618466236814498416e+01,1.000000000000000000e+00
2.972000000000000000e+03,5.048764460818707533e+01,1.793669449619638456e+01,-3.126047989883816262e-03,1.166855378988575609e+02,1.984921119736651196e-01,0.000000000000000000e+00,1.797693134862315708e+308,1.000000000000000000e+00
2.982000000000000000e+03,2.161040965976528128e+01,1.006336555408905298e+01,-1.207963797854757527e-02,4.681170663390331015e+02,4.495692980039667219e-02,0.000000000000000000e+00,1.797693134862315708e+308,1.000000000000000000e+00
2.997000000000000000e+03,8.074869651270883253e+01,7.554466891206322643e+00,-4.633298441786894845e-02,1.812572855425045645e+03,2.761680029258861691e-02,0.000000000000000000e+00,4.872300709489340420e+01,1.000000000000000000e+00
2.998000000000000000e+03,3.214643680147474925e+01,1.098255255681992004e+01,-1.358615887920522347e-03,4.731321173766255583e+01,4.923167369733831844e-01,0.000000000000000000e+00,4.872300709489340420e+01,1.000000000000000000e+00
3.004000000000000000e+03,1.012643932701052591e+02,2.401118305217461213e+01,-1.249618521065896069e-02,4.844666904153837095e+02,4.579073766398289447e-02,0.000000000000000000e+00,6.327848854120993138e+01,1.000000000000000000e+00
3.005000000000000000e+03,3.844698611725606696e+01,1.638619317328248215e+01,-1.188014353115445822e-02,4.602868397314425692e+02,4.111469017795033043e-02,0.000000000000000000e+00,6.327848854120993138e+01,1.000000000000000000e+00
3.018000000000000000e+03,1.158291817471671834e+02,1.967002707504605041e+01,-2.076289430399844062e-03,7.548214847409042250e+01,3.406462397463886349e-01,0.000000000000000000e+00,1.797693134862315708e+308,1.000000000000000000e+00
3.028000000000000000e+03,3.167593048233184305e+01,2.739638863073597008e+01,-3.896985316700300045e-03,1.469450967392477878e+02,1.727506398611150518e-01,0.000000000000000000e+00,1.797693134862315708e+308,1.000000000000000000e+00
3.051000000000000000e+03,2.331061431719386690e+01,1.187361407697575544e+01,-3.244635217910379031e-03,1.213401279405753570e+02,2.008802545638305181e-01,0.000000000000000000e+00,1.797693134862315708e+308,1.000000000000000000e+00
3.061000000000000000e+03,8.976722527151848396e+01,2.698863808935141861e+01,-1.993538788788205753e-03,7.223415694244744145e+01,4.108582824597120098e-01,0.000000000000000000e+00,1.797693134862315708e+308,1.000000000000000000e+00
3.067000000000000000e+03,5.981864372263126484e+01,2.375071343077149422e+01,-4.170672671582895466e-03,1.576874208308040295e+02,1.291364742364153884e-01,0.000000000000000000e+00,5.085694203902189514e+01,1.000000000000000000e+00
3.070000000000000000e+03,1.009389907415511622e+01,1.307933473801227819e+01,-1.953578890350954507e-03,7.066571699803434115e+01,3.230507319064833682e-01,0.000000000000000000e+00,5.085694203902189514e+01,1.000000000000000000e+00
3.097000000000000000e+03,8.065924396578331823e+01,1.686940047149885658e+01,-2.132465229153088053e-03,7.768706815906546126e+01,3.194189659292373529e-01,0.000000000000000000e+00,1.797693134862315708e+308,1.000000000000000000e+00
3.123000000000000000e+03,1.204490872958326833e+02,1.924898579636601781e+01,-2.650399591733611226e-03,9.801617245173655135e+01,2.310699779799204601e-01,0.000000000000000000e+00,1.797693134862315708e+308,1.000000000000000000e+00
3.174000000000000000e+03,1.081979561114249435e+02,1.115715515982460815e+01,-1.204939817849599686e-02,4.669301436448616300e+02,4.059506365848997156e-02,0.000000000000000000e+00,1.797693134862315708e+308,1.000000000000000000e+00
3.186000000000000000e+03,7.488408494824308548e+01,6.201904482983223943e+00,-3.783643443754253557e-03,1.424963887130669207e+02,1.417649629377272236e-01,0.000000000000000000e+00,1.797693134862315708e+308,1.000000000000000000e+00
3.206000000000000000e+03,1.203360171212577399e+02,1.997683365356399676e+01,-3.503677930895430798e-03,1.315076447322631452e+02,2.110564860983386026e-01,0.000000000000000000e+00,1.797693134862315708e+308,1.000000000000000000e+00
3.245000000000000000e+03,9.184705548099131533e+01,2.085286878963166757e+01,-3.711192846991512393e-03,1.396526775325270364e+02,1.676734962461259304e-01,0.000000000000000000e+00,1.797693134862315708e+308,1.000000000000000000e+00
3.256000000000000000e+03,5.333774108530954550e+01,2.586339465803354898e+01,-1.993078405734964413e-03,7.221608674710977027e+01,3.245471792330740790e-01,0.000000000000000000e+00,1.797693134862315708e+308,1.000000000000000000e+00
3.262000000000000000e+03,4.548708435109294612e+01,2.077331340541866922e+01,1.168704029124086182e-03,-3.985910507315726647e+01,4.996173000466486158e-01,0.000000000000000000e+00,1.797693134862315708e+308,1.000000000000000000e+00
3.282000000000000000e+03,3.817853305203509251e+01,8.351057620644921187e+00,-1.720953364736095169e-03,6.153508402014097811e+01,4.135188277625424513e-01,0.000000000000000000e+00,1.797693134862315708e+308,1.000000000000000000e+00
3.328000000000000000e+03,5.330071416523040284e+01,8.375438737269442768e+00,-3.741737197159106937e-03,1.408515539249238770e+02,1.609707993554956307e-01,0.000000000000000000e+00,1.797693134862315708e+308,1.000000000000000000e+00
3.339000000000000000e+03,9.718787200136823401e+01,1.622246746218210589e+01,-1.298528018186289809e-02,5.036638385425848696e+02,3.180459611476360582e-02,0.000000000000000000e+00,1.797693134862315708e+308,1.000000000000000000e+00
3.364000000000000000e+03,6.079508516253687844e+01,2.057146800920136442e+01,-2.172723508370669881e-03,7.926721965312752616e+01,3.858257607953672341e-01,0.000000000000000000e+00,1.797693134862315708e+308,1.000000000000000000e+00
3.370000000000000000e+03,8.796712428367871439e+01,2.389652066194491553e+01,-1.858843598481309430e-03,6.694732376569646704e+01,3.956983560696827329e-01,0.000000000000000000e+00,3.738338535372619020e+01,1.000000000000000000e+00
3.372000000000000000e+03,5.152428536369528445e+01,1.556363448983560360e+01,-1.960884633538125150e-03,7.095246996504640435e+01,3.460114309412841704e-01,0.000000000000000000e+00,3.738338535372619020e+01,1.000000000000000000e+00
3.391000000000000000e+03,6.102345445083056319e+01,1.736008319082161933e+01,-3.496292350568207946e-03,1.312177581296713527e+02,1.493090730995038085e-01,0.000000000000000000e+00,4.570681133298432286e+01,1.000000000000000000e+00
3.392000000000000000e+03,1.066633006266521306e+02,1.983334890165208364e+01,-4.279764515481077232e-03,1.619693137352184067e+02,1.207634668067948391e-01,0.000000000000000000e+00,4.570681133298432286e+01,1.000000000000000000e+00
3.418000000000000000e+03,1.015347440697371155e+02,2.608558709711094892e+01,-2.058126047148146464e-03,7.476922934937390153e+01,3.387338794866801006e-01,0.000000000000000000e+00,1.797693134862315708e+308,1.000000000000000000e+00
3.436000000000000000e+03,3.863515777362079007e+01,1.892558363702118740e+01,1.616778354044722281e-03,-5.744617853319176248e+01,4.367860078328851259e-01,0.000000000000000000e+00,1.183247423161452971e+01,1.000000000000000000e+00
3.439000000000000000e+03,2.861165436063550516e+01,2.521341520058061647e+01,-2.103842428778111406e-03,7.656361326591625982e+01,3.094594473232633591e-01,0.000000000000000000e+00,1.183247423161452971e+01,1.000000000000000000e+00
3.443000000000000000e+03,1.051232275770508124e+02,1.262941063620052518e+01,-3.870451287505777445e-03,1.459036268431152337e+02,1.793341627840030483e-01,0.000000000000000000e+00,7.753952544945849468e+01,1.000000000000000000e+00
3.449000000000000000e+03,1.857894262608243352e+01,1.990430464454700044e+01,-1.238868795142694657e-02,4.802473855150177542e+02,4.478502423168917446e-02,0.000000000000000000e+00,1.797693134862315708e+308,1.000000000000000000e+00
3.452000000000000000e+03,3.888881377622150382e+01,2.487506222299480640e+01,-2.948432923352788722e-03,1.097140846176560984e+02,2.283167928534588498e-01,0.000000000000000000e+00,1.797693134862315708e+308,1.000000000000000000e+00
3.459000000000000000e+03,6.327871160856045663e+01,1.092641148808671048e+01,-1.703524126796888624e-03,6.085098035487620649e+01,4.500213008075341081e-01,0.000000000000000000e+00,1.797693134862315708e+308,1.000000000000000000e+00
3.481000000000000000e+03,9.310330091987255230e+01,9.727149485556530806e+00,-4.005171427160463329e-03,1.511914392904647286e+02,1.470575218798108041e-01,0.000000000000000000e+00,5.166478146033979613e+01,1.000000000000000000e+00
3.483000000000000000e+03,4.175134435536755717e+01,1.540396200156078343e+01,-1.297134055121155864e-02,5.031167031799097344e+02,3.520458569358553280e-02,0.000000000000000000e+00,5.166478146033979613e+01,1.000000000000000000e+00
3.494000000000000000e+03,7.810523610911495496e+01,2.375042096817615445e+01,-1.243515674547613324e-02,4.820713018813193003e+02,4.187139870435774291e-02,0.000000000000000000e+00,1.797693134862315708e+308,1.000000000000000000e+00
3.506000000000000000e+03,7.835975197017987171e+01,6.249310857173361100e+00,-1.149578550353812061e-02,4.452006531532675808e+02,3.945642812990646231e-02,0.000000000000000000e+00,1.493100479014213988e+01,1.000000000000000000e+00
3.505000000000000000e+03,7.052173029779974911e+01,1.895758848659848539e+01,-1.771011495796390341e-03,6.349988311543700803e+01,4.221358409480338025e-01,0.000000000000000000e+00,1.493100479014213988e+01,1.000000000000000000e+00
3.512000000000000000e+03,2.859213140122294661e+01,1.132412243011427222e+01,-3.971593483017660416e-03,1.498734932769746422e+02,1.540504398694689803e-01,0.000000000000000000e+00,1.797693134862315708e+308,1.000000000000000000e+00
3.525000000000000000e+03,2.232015088816968884e+01,2.395878648010482692e+01,-1.249157551454255916e-02,4.842857582357906381e+02,4.338505794955849204e-02,0.000000000000000000e+00,2.086903472046654784e+01,1.000000000000000000e+00
3.525000000000000000e+03,9.343429442342580771e+00,7.614940216711102217e+00,-2.221946394581059917e-03,8.119923509688315733e+01,2.852287216076356824e-01,0.000000000000000000e+00,2.086903472046654784e+01,1.000000000000000000e+00
3.564000000000000000e+03,1.141917498312820243e+02,2.096656781195262909e+01,-3.109377674501533767e-02,1.214428641599205548e+03,4.471524880453048301e-02,0.000000000000000000e+00,1.797693134862315708e+308,1.000000000000000000e+00
3.582000000000000000e+03,7.338475003080201020e+01,1.034892803526009963e+01,-3.528709807926152294e-03,1.324901546322888350e+02,1.641785358288023744e-01,0.000000000000000000e+00,1.797693134862315708e+308,1.000000000000000000e+00
3.598000000000000000e+03,1.134102153961012647e+02,2.148658230363708199e+01,-3.015019282347436089e-03,1.123276224214178143e+02,2.946296231514872188e-01,0.000000000000000000e+00,1.797693134862315708e+308,1.000000000000000000e+00
3.613000000000000000e+03,1.112748201406341764e+02,6.317166627098928622e+00,-2.452026645972956494e-03,9.022996517419612417e+01,2.664703359594164933e-01,0.000000000000000000e+00,1.087039146570779735e+01,1.000000000000000000e+00
3.615000000000000000e+03,4.391869201557939562e+01,1.016441999093048842e+01,-3.948484579619501202e-03,1.489664607624108044e+02,1.414945409831170897e-01,0.000000000000000000e+00,6.394094120040402629e+01,1.000000000000000000e+00
3.613000000000000000e+03,1.075423182141598488e+02,1.652666416549906003e+01,-2.059382789100241973e-03,7.481855690911686452e+01,3.140077742049012244e-01,0.000000000000000000e+00,1.087039146570779735e+01,1.000000000000000000e+00
3.625000000000000000e+03,1.162593885969638876e+02,2.075950599303168076e+01,-4.221994060151670718e-03,1.597018032237025409e+02,1.536518181449876286e-01,0.000000000000000000e+00,1.797693134862315708e+308,1.000000000000000000e+00
3.639000000000000000e+03,1.031019784822752428e+02,2.569746864461531644e+01,-3.754269682247029019e-03,1.413434583336781998e+02,1.791597769203500112e-01,0.000000000000000000e+00,3.480746279413258293e+01,1.000000000000000000e+00
3.641000000000000000e+03,6.832567217206948840e+01,2.716987673467298237e+01,-1.328129220285604109e-02,5.152824135617667025e+02,4.433100033381298655e-02,0.000000000000000000e+00,3.480746279413258293e+01,1.000000000000000000e+00
3.662000000000000000e+03,6.916785397990514639e+01,2.678140092339786449e+01,-1.739177736082095620e-03,6.225039694882045183e+01,4.363707954881725914e-01,0.000000000000000000e+00,1.797693134862315708e+308,1.000000000000000000e+00
3.677000000000000000e+03,1.125516019092445674e+02,2.386697300070359518e+01,-1.369265736639512648e-02,5.314286396400907506e+02,3.278336777048140860e-02,0.000000000000000000e+00,1.452896086080761329e+01,1.000000000000000000e+00
3.681000000000000000e+03,1.013128533373963052e+02,1.465930042650450105e+01,-2.740674440943428273e-03,1.015594917546843448e+02,2.045971928518361960e-01,0.000000000000000000e+00,1.452896086080761329e+01,1.000000000000000000e+00
3.687000000000000000e+03,7.837453749873213305e+00,2.625758334694715757e+01,-3.716237541717515303e-03,1.398506835591954598e+02,1.446083878174004855e-01,0.000000000000000000e+00,1.797693134862315708e+308,1.000000000000000000e+00
3.710000000000000000e+03,7.403281626237685487e+00,7.403875410423014003e+00,-1.504693247671962456e-02,5.845844098453840161e+02,3.751809879825562799e-02,0.000000000000000000e+00,1.087999505069473969e+02,1.000000000000000000e+00
3.712000000000000000e+03,1.145207472375588793e+02,2.646372303105276913e+01,-1.235704782051015062e-02,4.790054993462055677e+02,4.780199203709845079e-02,0.000000000000000000e+00,1.087999505069473969e+02,1.000000000000000000e+00
3.720000000000000000e+03,3.134217038317024517e+01,2.475958987359758723e+01,-1.388794894202616519e-03,4.849774825518795041e+01,4.627885351778708856e-01,0.000000000000000000e+00,7.199308101568927043e+01,1.000000000000000000e+00
3.723000000000000000e+03,1.033138695482253979e+02,2.651407937952135541e+01,-1.194559677580919223e-02,4.628559024023383017e+02,4.690337002120148480e-02,0.000000000000000000e+00,7.199308101568927043e+01,1.000000000000000000e+00
3.750000000000000000e+03,3.861694827346177306e+01,2.278703489702370888e+01,-1.272133370085204440e-02,4.933038471463411838e+02,8.702051467811244834e-02,0.000000000000000000e+00,1.797693134862315708e+308,1.000000000000000000e+00
3.761000000000000000e+03,6.465628864903615636e+01,8.161530890240017655e+00,-2.551466334763658611e-02,9.954464957711846864e+02,2.767597274503430516e-02,0.000000000000000000e+00,1.797693134862315708e+308,1.000000000000000000e+00
3.810000000000000000e+03,7.482837432281286283e+01,2.206239161177759556e+01,-1.235595523667102485e-02,4.789626150496251853e+02,3.641948479654677495e-02,0.000000000000000000e+00,1.797693134862315708e+308,1.000000000000000000e+00
3.821000000000000000e+03,8.424228029336170209e+01,2.015626650498439432e+01,-3.973489916658475007e-03,1.499479289585080721e+02,3.058942863109956889e-01,0.000000000000000000e+00,6.370838342698179702e+01,1.000000000000000000e+00
3.824000000000000000e+03,2.058896046012719694e+01,1.750806086959959984e+01,-3.076505415130851347e-03,1.147409745683565916e+02,1.967959289137243273e-01,0.000000000000000000e+00,6.370838342698179702e+01,1.000000000000000000e+00
3.858000000000000000e+03,3.326145280713248553e+01,1.285698748612414022e+01,-1.203726345566893952e-02,4.664538515435134514e+02,4.686196442232426485e-02,0.000000000000000000e+00,1.797693134862315708e+308,1.000000000000000000e+00
3.868000000000000000e+03,1.188500252850954553e+02,2.313293438878657327e+01,-2.557092477471384004e-03,9.435383568837863777e+01,2.702301150418170428e-01,0.000000000000000000e+00,1.797693134862315708e+308,1.000000000000000000e+00
3.875000000000000000e+03,9.251540819875441457e+01,2.501526450165014381e+01,-1.601535294026281255e-03,5.684788311345862155e+01,4.859117626062127160e-01,0.000000000000000000e+00,1.797693134862315708e+308,1.000000000000000000e+00
3.890000000000000000e+03,9.025993729957879452e+01,8.374155097430529437e+00,-2.259521075059725808e-03,8.267405440489119428e+01,2.853651551997019586e-01,0.000000000000000000e+00,6.663472409029691335e+01,1.000000000000000000e+00
3.895000000000000000e+03,2.444183677745826699e+01,1.877435212681574228e+01,-2.478477122182594101e-03,9.126815558654386962e+01,2.080765777738017297e-01,0.000000000000000000e+00,6.663472409029691335e+01,1.000000000000000000e+00
3.943000000000000000e+03,7.622191763268824616e+01,6.871440676008057302e+00,-3.878140919207111875e-03,1.462054475681387657e+02,1.257830386274862988e-01,0.000000000000000000e+00,1.797693134862315708e+308,1.000000000000000000e+00
4.020000000000000000e+03,1.080916581070731439e+02,9.837882870781061939e+00,-3.496596577848638115e-03,1.312296991564874418e+02,1.814508501321054901e-01,0.000000000000000000e+00,1.072494506806155457e+01,1.000000000000000000e+00
4.023000000000000000e+03,1.180566332018896674e+02,1.380319724326456843e+01,-3.430617360927424187e-03,1.286399918907688118e+02,2.169908556878626937e-01,0.000000000000000000e+00,1.072494506806155457e+01,1.000000000000000000e+00
4.044000000000000000e+03,2.070068482622980710e+01,2.210302619982332217e+01,-1.258057451104607934e-02,4.877789998752306815e+02,4.556761222448513227e-02,0.000000000000000000e+00,1.797693134862315708e+308,1.000000000000000000e+00
4.069000000000000000e+03,3.779289218057973443e+01,2.509469160386527520e+01,-2.428157331940438476e-03,8.929308627714063107e+01,2.871576890831507578e-01,0.000000000000000000e+00,1.797693134862315708e+308,1.000000000000000000e+00
4.085000000000000000e+03,1.113349449348005322e+02,1.833559895179685029e+01,-1.330192147614843792e-02,5.160921197302350265e+02,3.649732275380812574e-02,0.000000000000000000e+00,1.797693134862315708e+308,1.000000000000000000e+00
4.092000000000000000e+03,3.344231040725183135e+01,2.170631712196919949e+01,-1.200062207137779502e-02,4.650156644362297129e+02,4.270488078894352224e-02,0.000000000000000000e+00,1.797693134862315708e+308,1.000000000000000000e+00
4.109000000000000000e+03,1.143336114072883589e+02,8.574756980836861331e+00,-1.199997456186062579e-02,4.649902494619472009e+02,4.478389177111274932e-02,0.000000000000000000e+00,1.797693134862315708e+308,1.000000000000000000e+00
4.115000000000000000e+03,1.053176813185756515e+02,2.320217009342705694e+01,-1.324554484872467533e-02,5.138793174499295446e+02,3.613044427676648240e-02,0.000000000000000000e+00,1.797693134862315708e+308,1.000000000000000000e+00
4.127000000000000000e+03,8.315241411154408979e+01,2.171449048061218079e+01,-1.242066481562332375e-02,4.815024885824448688e+02,4.054611339579994311e-02,0.000000000000000000e+00,1.797693134862315708e+308,1.000000000000000000e+00
4.133000000000000000e+03,5.381651933100419427e+01,1.852505778546271387e+01,-2.438035187008751742e-02,9.509243748356698234e+02,3.106840330452742549e-02,0.000000000000000000e+00,2.216966917457425268e+01,1.000000000000000000e+00
4.138000000000000000e+03,7.494334951008997336e+01,1.180558772494914344e+01,-1.499387847093051375e-02,5.825020216225652803e+02,3.983938940105236082e-02,0.000000000000000000e+00,2.216966917457425268e+01,1.000000000000000000e+00
4.178000000000000000e+03,3.923516497334713193e+01,2.340748920910038322e+01,-3.983263617461569629e-03,1.503315501223202659e+02,1.455838705427087154e-01,0.000000000000000000e+00,1.797693134862315708e+308,1.000000000000000000e+00
4.192000000000000000e+03,9.188180398978657593e+01,1.208260592049867554e+01,-1.827413738467175384e-03,6.571369080311804112e+01,4.214199093145466479e-01,0.000000000000000000e+00,2.422409817951608346e+01,1.000000000000000000e+00
4.194000000000000000e+03,6.807386748320948300e+01,1.655352214758549323e+01,-2.142436618475605098e-03,7.807844866618283675e+01,2.801223507394767775e-01,0.000000000000000000e+00,2.422409817951608346e+01,1.000000000000000000e+00
4.224000000000000000e+03,9.624489863042507309e+00,6.197619563058963443e+00,-3.239203725148943891e-03,1.211269399561713840e+02,1.881312637479158889e-01,0.000000000000000000e+00,1.797693134862315708e+308,1.000000000000000000e+00
4.230000000000000000e+03,1.161071974313830566e+02,1.481203436517806971e+01,-1.200512626648709072e-02,4.651924556645143412e+02,4.640467190702945999e-02,0.000000000000000000e+00,1.797693134862315708e+308,1.000000000000000000e+00
4.238000000000000000e+03,7.305473378513505622e+01,1.176200933683601235e+01,-3.658076337678683315e-03,1.375678360246124896e+02,1.402940156710270614e-01,0.000000000000000000e+00,1.797693134862315708e+308,1.000000000000000000e+00
4.252000000000000000e+03,3.484058793402775933e+01,2.032410817291505367e+01,-1.253557289944973695e-02,4.860126709316899110e+02,4.064341292302797726e-02,0.000000000000000000e+00,1.797693134862315708e+308,1.000000000000000000e+00
4.293000000000000000e+03,6.643419058641907959e+00,6.704444445855662238e+00,-2.195001239989196728e-03,8.014162838557913915e+01,3.031000235125332898e-01,0.000000000000000000e+00,1.797693134862315708e+308,1.000000000000000000e+00
4.325000000000000000e+03,2.151443461140490498e+01,1.758270700822076904e+01,-1.223486638331234763e-02,4.742098353415095744e+02,2.995071503448498706e-02,0.000000000000000000e+00,1.797693134862315708e+308,1.000000000000000000e+00
4.343000000000000000e+03,6.561641363117641390e+01,2.339705888108918685e+01,-5.178075174392128208e-03,1.972283202649921066e+02,9.798133630197591870e-02,0.000000000000000000e+00,1.797693134862315708e+308,1.000000000000000000e+00
4.356000000000000000e+03,4.240753428646647194e+01,2.327846207275780088e+01,-1.265145080966158589e-02,4.905609193046624910e+02,4.335371649984964826e-02,0.000000000000000000e+00,1.797693134862315708e+308,1.000000000000000000e+00
4.379000000000000000e+03,1.198149937674879055e+02,2.708667208585912078e+01,-1.287647501591387446e-02,4.993931978476160793e+02,4.480869782686447422e-02,0.000000000000000000e+00,1.797693134862315708e+308,1.000000000000000000e+00
4.390000000000000000e+03,6.999460435459020857e+01,2.580545553537163883e+01,-2.420760871686375958e-03,8.900277263362744407e+01,2.783988626111342235e-01,0.000000000000000000e+00,1.797693134862315708e+308,1.000000000000000000e+00
4.411000000000000000e+03,1.572900672517982557e+01,2.599355648548364428e+01,-1.301842854460555886e-02,5.049649233363593908e+02,3.532675191585843422e-02,0.000000000000000000e+00,1.797693134862315708e+308,1.000000000000000000e+00
4.447000000000000000e+03,3.007438431199920004e+01,7.315705065609913405e+00,-2.528894104803231999e-02,9.865868168207978215e+02,3.013368718840991889e-02,0.000000000000000000e+00,1.797693134862315708e+308,1.000000000000000000e+00
4.451000000000000000e+03,7.639865754390267227e+01,2.392337230394732828e+01,-1.732969698917575076e-03,6.200672932587779229e+01,4.253825100624053501e-01,0.000000000000000000e+00,1.797693134862315708e+308,1.000000000000000000e+00
4.472000000000000000e+03,1.005412822100409045e+02,1.627179620526257153e+01,-1.838333772603537941e-03,6.614230594989375334e+01,3.972505750097313770e-01,0.000000000000000000e+00,6.650293592609455118e+01,1.000000000000000000e+00
4.475000000000000000e+03,3.414972646942151613e+01,2.011910866079098881e+01,-2.254992886261043220e-03,8.249632141593352230e+01,3.088213244945932079e-01,0.000000000000000000e+00,6.650293592609455118e+01,1.000000000000000000e+00
4.491000000000000000e+03,1.214500405367389106e+02,8.269005290261661756e+00,-1.106515859815371434e-02,4.282983969925194856e+02,1.017524198695081150e-01,0.000000000000000000e+00,1.797693134862315708e+308,1.000000000000000000e+00
4.503000000000000000e+03,9.929199335334462262e+01,2.357148447990343598e+01,-1.541622810218980233e-02,5.990793918882935714e+02,3.453287386584946717e-02,0.000000000000000000e+00,1.797693134862315708e+308,1.000000000000000000e+00
4.509000000000000000e+03,1.083423014748343505e+01,2.287665507044349411e+01,-3.468821550903285634e-03,1.301395196660002966e+02,2.403495630365551916e-01,0.000000000000000000e+00,1.797693134862315708e+308,1.000000000000000000e+00
4.524000000000000000e+03,1.124114998867980297e+01,1.651417183661662591e+01,-3.847092083309053105e-03,1.449867699349482564e+02,1.466889933768782406e-01,0.000000000000000000e+00,1.797693134862315708e+308,1.000000000000000000e+00
4.556000000000000000e+03,2.540990391727719455e+01,7.397359984372085862e+00,-1.733279256167795639e-03,6.201887955586627044e+01,4.070682292220654253e-01,0.000000000000000000e+00,1.797693134862315708e+308,1.000000000000000000e+00
4.569000000000000000e+03,2.565840936895595092e+01,2.067466785134511298e+01,1.197545067897321175e-03,-4.099112589952000718e+01,4.814038949004205703e-01,0.000000000000000000e+00,8.458025932013724102e+00,1.000000000000000000e+00
4.573000000000000000e+03,3.178038202351372021e+01,1.483860295421935049e+01,-3.488350551648998921e-03,1.309060397534361471e+02,1.899620734523574939e-01,0.000000000000000000e+00,8.458025932013724102e+00,1.000000000000000000e+00
4.578000000000000000e+03,1.071497955102584143e+02,2.251287259200241309e+01,-3.810024154861394504e-03,1.435318408208202641e+02,1.651515410843492626e-01,0.000000000000000000e+00,7.575911102837262945e+01,1.000000000000000000e+00
4.625000000000000000e+03,6.246840117135322856e+01,1.738155131081824578e+01,-2.934571840916615822e-03,1.091700322998096198e+02,2.321717740214358505e-01,0.000000000000000000e+00,1.797693134862315708e+308,1.000000000000000000e+00
4.632000000000000000e+03,6.238574904692186607e+01,1.726438745379699213e+01,2.988984400027915392e-03,-1.113057442141407876e+02,2.262868350771383152e-01,0.000000000000000000e+00,1.797693134862315708e+308,1.000000000000000000e+00
4.709000000000000000e+03,3.661969643574050082e+01,6.934445960223531991e+00,-1.226395574548403040e-02,4.753516029478314522e+02,4.781283213151255040e-02,0.000000000000000000e+00,2.501665157603284939e+01,1.000000000000000000e+00
4.710000000000000000e+03,1.299993150980643719e+01,1.517699173930428280e+01,-3.954309955586170558e-03,1.491951087999350989e+02,1.563557146607328363e-01,0.000000000000000000e+00,2.501665157603284939e+01,1.000000000000000000e+00
4.746000000000000000e+03,8.819514344222881164e+01,1.002388934415040467e+01,-1.856458851958864634e-03,6.685372163332428386e+01,3.999139453642451825e-01,0.000000000000000000e+00,1.797693134862315708e+308,1.000000000000000000e+00
4.777000000000000000e+03,2.751350082040785949e+01,2.702968751097500189e+01,-4.086393077797397660e-03,1.543794173933163734e+02,1.341498786426144063e-01,0.000000000000000000e+00,1.797693134862315708e+308,1.000000000000000000e+00
4.784000000000000000e+03,3.870054339990306147e+01,2.647365064720342431e+01,-2.707854203577752736e-02,1.056829279477411774e+03,2.733773129444738714e-02,0.000000000000000000e+00,1.797693134862315708e+308,1.000000000000000000e+00
4.796000000000000000e+03,7.974274358014096720e+01,1.957826544014326231e+01,-3.466221031562554886e-03,1.300374483752880224e+02,1.716640595531565561e-01,0.000000000000000000e+00,1.797693134862315708e+308,1.000000000000000000e+00
4.821000000000000000e+03,7.954572070693886587e+01,1.847496365020678155e+01,-2.461211521858123683e-02,9.600211670609877501e+02,2.894162980210202019e-02,0.000000000000000000e+00,1.797693134862315708e+308,1.000000000000000000e+00
4.853000000000000000e+03,5.744575820223901275e+01,2.365047478890240029e+01,-4.198191537181439510e-03,1.587675458991264179e+02,1.469198702740308615e-01,0.000000000000000000e+00,1.797693134862315708e+308,1.000000000000000000e+00
4.886000000000000000e+03,1.095554142946058818e+02,2.566917262246473541e+01,-2.708354083252782762e-02,1.057025483992533054e+03,3.528639673825106904e-02,0.000000000000000000e+00,1.797693134862315708e+308,1.000000000000000000e+00
4.929000000000000000e+03,6.511452642189561857e+01,2.690662697363226030e+01,-5.158595931445884158e-02,2.018753951399261268e+03,3.706814285969772804e-02,0.000000000000000000e+00,1.797693134862315708e+308,1.000000000000000000e+00
4.938000000000000000e+03,6.492369895442320171e+01,2.557676489584655499e+01,-1.767621171716805741e-03,6.336681171338437224e+01,3.483391817840518767e-01,0.000000000000000000e+00,1.797693134862315708e+308,1.000000000000000000e+00
4.948000000000000000e+03,1.164427639425526451e+02,8.788593328789682246e+00,-1.953495210874885233e-03,7.066243254942642693e+01,3.500109350444720047e-01,0.000000000000000000e+00,1.797693134862315708e+308,1.000000000000000000e+00
5.043000000000000000e+03,6.924312284639226789e+01,2.124330580754027054e+01,-1.212151248001248514e-03,4.156442356058051502e+01,4.978969709629094131e-01,0.000000000000000000e+00,1.797693134862315708e+308,1.000000000000000000e+00
5.053000000000000000e+03,6.153717885297868406e+01,1.555094358022705592e+01,-3.651693653960650949e-03,1.373173134635595147e+02,1.406437626016474596e-01,0.000000000000000000e+00,1.797693134862315708e+308,1.000000000000000000e+00
5.078000000000000000e+03,6.412223212086479407e+01,2.592046226611472903e+01,-2.007556180694555423e-03,7.278434446149069004e+01,3.792229878418708067e-01,0.000000000000000000e+00,1.797693134862315708e+308,1.000000000000000000e+00
5.134000000000000000e+03,5.000641438622418633e+01,2.494753438308539373e+01,-1.229048918018678382e-02,4.763930495099548352e+02,3.903633468762068848e-02,0.000000000000000000e+00,1.797693134862315708e+308,1.000000000000000000e+00
5.158000000000000000e+03,7.809543344154036504e+01,7.183101037015148904e+00,-3.621448592209556769e-03,1.361301842458477438e+02,1.371599833627905607e-01,0.000000000000000000e+00,1.797693134862315708e+308,1.000000000000000000e+00
5.209000000000000000e+03,7.715916446047084776e+01,6.396006567578787383e+00,-3.248619657689064567e-03,1.214965185909372991e+02,1.782561928356419800e-01,0.000000000000000000e+00,1.797693134862315708e+308,1.000000000000000000e+00
5.259000000000000000e+03,4.129469165835620714e+01,1.858327192756854984e+01,-1.580876427117724374e-03,5.603701538523915815e+01,4.458073556087357447e-01,0.000000000000000000e+00,1.797693134862315708e+308,1.000000000000000000e+00
5.457000000000000000e+03,8.791829518918961028e+00,2.540952242009324635e+01,-1.287196353265529676e-02,4.992161205569314006e+02,4.376630168421979938e-02,0.000000000000000000e+00,1.797693134862315708e+308,1.000000000000000000e+00
5.465000000000000000e+03,4.627224200849922653e+01,2.674732432291824935e+01,-1.381212176596307781e-02,5.361176589706060440e+02,3.637829483701404687e-02,0.000000000000000000e+00,1.797693134862315708e+308,1.000000000000000000e+00
5.517000000000000000e+03,4.449039164299148297e+01,1.559234720828344933e+01,-2.740558928863387478e-02,1.069665998166673489e+03,2.753342475454478855e-02,0.000000000000000000e+00,1.797693134862315708e+308,1.000000000000000000e+00
5.527000000000000000e+03,6.908399746298378830e+01,7.267823952370211060e+00,-3.383697191880739343e-03,1.267983588984578915e+02,1.645154556847412408e-01,0.000000000000000000e+00,1.797693134862315708e+308,1.000000000000000000e+00
5.566000000000000000e+03,6.586890923678420329e+00,7.784875921620500350e+00,-1.717702480532928844e-02,6.681912763324327216e+02,3.204751897913704628e-02,0.000000000000000000e+00,1.797693134862315708e+308,1.000000000000000000e+00
5.573000000000000000e+03,3.941972786957312280e+01,1.175688735168244570e+01,-2.412434436617437710e-03,8.867595715442416804e+01,2.888580314666955307e-01,0.000000000000000000e+00,1.797693134862315708e+308,1.000000000000000000e+00
5.592000000000000000e+03,5.781139673961264691e+01,1.014983983103501686e+01,-1.593068092953920821e-03,5.651554251954741659e+01,3.969676094136627142e-01,0.000000000000000000e+00,8.515202236337623631e+00,1.000000000000000000e+00
5.593000000000000000e+03,6.632260975087973520e+01,9.889220947285050300e+00,-1.650586823394559676e-03,5.877317274142324521e+01,4.172155647559658842e-01,0.000000000000000000e+00,8.515202236337623631e+00,1.000000000000000000e+00
5.625000000000000000e+03,4.121098618399532398e+01,1.332771219150201603e+01,-3.708118709738762384e-03,1.395320165736561648e+02,1.645118878653770711e-01,0.000000000000000000e+00,1.797693134862315708e+308,1.000000000000000000e+00
5.669000000000000000e+03,6.540637178663084228e+01,2.700686512670234407e+01,3.402619869098102903e-03,-1.275410805760305664e+02,3.122880513065334762e-01,0.000000000000000000e+00,1.797693134862315708e+308,1.000000000000000000e+00
5.765000000000000000e+03,1.183489488395359501e+02,1.604505439129162880e+01,-3.226416587997151583e-03,1.206250403651337990e+02,2.366207328035480062e-01,0.000000000000000000e+00,1.797693134862315708e+308,1.000000000000000000e+00
5.799000000000000000e+03,6.742441237663668119e+01,8.519016882710744198e+00,-3.516750967504745935e-03,1.320207659766782911e+02,1.358102936894877155e-01,0.000000000000000000e+00,1.797693134862315708e+308,1.000000000000000000e+00
5.884000000000000000e+03,9.270324298000647900e+01,2.059356121113593829e+01,-4.132089153153401667e-03,1.561730042815266302e+02,1.389520334773771681e-01,0.000000000000000000e+00,1.797693134862315708e+308,1.000000000000000000e+00
5.894000000000000000e+03,1.055410532575190530e+02,5.584341863297979991e+00,-2.081103608934250018e-02,8.108274861127071063e+02,2.972276435167575670e-02,0.000000000000000000e+00,1.797693134862315708e+308,1.000000000000000000e+00
5.985000000000000000e+03,5.484763857888430749e+01,1.870438297918105164e+01,-2.506319564807698783e-02,9.777262311735785261e+02,3.066654026355908336e-02,0.000000000000000000e+00,1.797693134862315708e+308,1.000000000000000000e+00

# Refeyn DiscoverMP 2.3.0; Refeyn Ltd; www.refeyn.com; email: support@refeyn.com
# Time created: 2020-11-20 10:33:57
# Time changed: 2020-11-20 10:33:57
# Version commit: 3647236c0374f916d08f2bdec817641ca7029c82
